[{"model": "contenttypes.contenttype", "pk": 1, "fields": {"app_label": "admin", "model": "logentry"}}, {"model": "contenttypes.contenttype", "pk": 2, "fields": {"app_label": "auth", "model": "permission"}}, {"model": "contenttypes.contenttype", "pk": 3, "fields": {"app_label": "auth", "model": "group"}}, {"model": "contenttypes.contenttype", "pk": 4, "fields": {"app_label": "contenttypes", "model": "contenttype"}}, {"model": "contenttypes.contenttype", "pk": 5, "fields": {"app_label": "sessions", "model": "session"}}, {"model": "contenttypes.contenttype", "pk": 6, "fields": {"app_label": "mainapp", "model": "productcategory"}}, {"model": "contenttypes.contenttype", "pk": 7, "fields": {"app_label": "mainapp", "model": "product"}}, {"model": "contenttypes.contenttype", "pk": 8, "fields": {"app_label": "authapp", "model": "user"}}, {"model": "contenttypes.contenttype", "pk": 9, "fields": {"app_label": "basketapp", "model": "basket"}}, {"model": "contenttypes.contenttype", "pk": 10, "fields": {"app_label": "adminapp", "model": "productcategoryeditform"}}, {"model": "contenttypes.contenttype", "pk": 11, "fields": {"app_label": "social_django", "model": "association"}}, {"model": "contenttypes.contenttype", "pk": 12, "fields": {"app_label": "social_django", "model": "code"}}, {"model": "contenttypes.contenttype", "pk": 13, "fields": {"app_label": "social_django", "model": "nonce"}}, {"model": "contenttypes.contenttype", "pk": 14, "fields": {"app_label": "social_django", "model": "usersocialauth"}}, {"model": "contenttypes.contenttype", "pk": 15, "fields": {"app_label": "social_django", "model": "partial"}}, {"model": "contenttypes.contenttype", "pk": 16, "fields": {"app_label": "authapp", "model": "userprofile"}}, {"model": "contenttypes.contenttype", "pk": 17, "fields": {"app_label": "ordersapp", "model": "order"}}, {"model": "contenttypes.contenttype", "pk": 18, "fields": {"app_label": "ordersapp", "model": "orderitem"}}, {"model": "sessions.session", "pk": "0hnijk3tbnf3f3uo3oufsyu8yx0bxhvs", "fields": {"session_data": "NmJjNmYzZTAxNjE3MmQxNTE1ZjRjZDE3MTY2MjFlZDY5YjQzYWI5ZTp7Il9hdXRoX3VzZXJfaWQiOiI5IiwiX2F1dGhfdXNlcl9iYWNrZW5kIjoiZGphbmdvLmNvbnRyaWIuYXV0aC5iYWNrZW5kcy5Nb2RlbEJhY2tlbmQiLCJfYXV0aF91c2VyX2hhc2giOiI3ZTFkNzI3NjI3MDJkZmQxY2Q5NDk4MmY5ZTE0NDljZTVmZWU4ZjZlIn0=", "expire_date": "2021-01-06T17:48:12.315Z"}}, {"model": "sessions.session", "pk": "2th1u5qkw3h7n1sa1xlxso0lqj5wwbmu", "fields": {"session_data": "eyJuZXh0IjoiLyIsInZrLW9hdXRoMl9zdGF0ZSI6IjNxcEZtOVR2TXhWUnVXenVuWHlhTFRybnJRMWJsTzFhIn0:1l5UNc:UW2bOAeYOlJRQNn4V_T8bC4vetMz_C_CF18LgJYcCOg", "expire_date": "2021-02-12T14:04:08.348Z"}}, {"model": "sessions.session", "pk": "2ua130qaoqs2b18g6hc06wsm4ztamhez", "fields": {"session_data": "e30:1l5461:WCJatVrtL02CEK5z_ZBzhVJCUXXpwNI_CYakpauWxaA", "expire_date": "2021-02-11T10:00:13.665Z"}}, {"model": "sessions.session", "pk": "3ao12czsevljb3f9dtbqsa9og65iizgn", "fields": {"session_data": "ZTZiOTMyZjAyMDE3OTEzOTVkOTQzMjFmN2IyMDcwYjQwYzljZDEzZjp7Il9hdXRoX3VzZXJfaWQiOiIxIiwiX2F1dGhfdXNlcl9iYWNrZW5kIjoiZGphbmdvLmNvbnRyaWIuYXV0aC5iYWNrZW5kcy5Nb2RlbEJhY2tlbmQiLCJfYXV0aF91c2VyX2hhc2giOiI1OTFmY2U5ZmUzNmI5MWNkZTNmMjA3MzViZWQ3ODMzZjdlYzcxZWMzIn0=", "expire_date": "2021-01-12T09:02:42.338Z"}}, {"model": "sessions.session", "pk": "4qhavxiucsiy267r1ovgaelaycr1qzv7", "fields": {"session_data": ".eJxVjEEOwiAQRe_C2hCGoUBduu8ZyMAQqRpISrsy3t026UK3_7333yLQtpaw9byEmcVVoBKX3zFSeuZ6EH5QvTeZWl2XOcpDkSftcmqcX7fT_Tso1Mtea20cKTQWImBmNDA6n5zjGNkDDNqicsmDi4PXu2KAtQVrPI5IpJP4fAHL0DZu:1l2y3O:Dm7WnvszCz5JV6InkKdfNSqPYm30PtqJQvgz_EcbPOg", "expire_date": "2021-02-05T15:08:50.501Z"}}, {"model": "sessions.session", "pk": "944sbpo9c6p8p026ijizzp78hka0avhb", "fields": {"session_data": "e30:1l54Nr:dG07Dx499x90SHkO0Mi-Ze9fVgj1CcXpwnzFYhkBhco", "expire_date": "2021-02-11T10:18:39.992Z"}}, {"model": "sessions.session", "pk": "angc6zui4fz1pw1zo3ef7dxnojyg4ik4", "fields": {"session_data": "ZTZiOTMyZjAyMDE3OTEzOTVkOTQzMjFmN2IyMDcwYjQwYzljZDEzZjp7Il9hdXRoX3VzZXJfaWQiOiIxIiwiX2F1dGhfdXNlcl9iYWNrZW5kIjoiZGphbmdvLmNvbnRyaWIuYXV0aC5iYWNrZW5kcy5Nb2RlbEJhY2tlbmQiLCJfYXV0aF91c2VyX2hhc2giOiI1OTFmY2U5ZmUzNmI5MWNkZTNmMjA3MzViZWQ3ODMzZjdlYzcxZWMzIn0=", "expire_date": "2021-01-03T16:56:34.518Z"}}, {"model": "sessions.session", "pk": "hh1zarxjh2m4ii79pf0lcuhnjj6lkkj9", "fields": {"session_data": "ZTZiOTMyZjAyMDE3OTEzOTVkOTQzMjFmN2IyMDcwYjQwYzljZDEzZjp7Il9hdXRoX3VzZXJfaWQiOiIxIiwiX2F1dGhfdXNlcl9iYWNrZW5kIjoiZGphbmdvLmNvbnRyaWIuYXV0aC5iYWNrZW5kcy5Nb2RlbEJhY2tlbmQiLCJfYXV0aF91c2VyX2hhc2giOiI1OTFmY2U5ZmUzNmI5MWNkZTNmMjA3MzViZWQ3ODMzZjdlYzcxZWMzIn0=", "expire_date": "2021-01-28T07:19:53.175Z"}}, {"model": "sessions.session", "pk": "m1nya80aqk3i9r5rixjp73moyckist5p", "fields": {"session_data": ".eJxVj8FugzAQRP_F55Rgw9pxbxGHVqqU9IAi9WStzboQEFTYJFWr_HuhQlVzndF7s_vNevqM7JFt2YZd2ocBp1gLEyJGmlM4lBmocHx9riAW7on4V_Y24Ud5tl5e-2KGzEKYKdBommpGMnEfWnQt9UsTBtdgZ9wwUrKmIbm0yenluF9W77kaQ73oJGq1U5aIdM41ghJSVjZPc6lSCYAebF55jhYcAYDlLvWZ9gIEFzulZ-m6-6vuMETTDe9N_--wv7_Z7QdIeViJ:1lA59d:MYhsL7d1fQu_4tuGLFoGuUj0NOZCPcuGak5yjLrTW7I", "expire_date": "2021-02-25T06:08:41.505Z"}}, {"model": "sessions.session", "pk": "nmvqo1hyqjufr2n0z1gsck0mgixbjqur", "fields": {"session_data": "MjU2N2Y0YmQzYzAzMmU1YjkzNDQ1NzM3MDZiZDc0ZDdmYzJlMzA0Nzp7Im5leHQiOiIvIiwidmstb2F1dGgyX3N0YXRlIjoiV29oSERQejNxMDk1QzBxQjE1NFFiOGoxaU1nbkNSb1oiLCJfYXV0aF91c2VyX2lkIjoiMzIiLCJfYXV0aF91c2VyX2JhY2tlbmQiOiJzb2NpYWxfY29yZS5iYWNrZW5kcy52ay5WS09BdXRoMiIsIl9hdXRoX3VzZXJfaGFzaCI6ImJmODIwMGQ1Y2JkNjRmNzVkZTc5MDY2ZmNiMjY5MTExMWFlODkyYTgiLCJzb2NpYWxfYXV0aF9sYXN0X2xvZ2luX2JhY2tlbmQiOiJ2ay1vYXV0aDIifQ==", "expire_date": "2021-02-27T22:31:10.195Z"}}, {"model": "sessions.session", "pk": "quydugsbhpdnx1yd7xkbq0o9gpefidsy", "fields": {"session_data": ".eJxVj0GPgjAQhf9LzysLpdNabxyIJmazB5MNt2ZaBiEQMLSya4z_fcEYo9f38n1v5sp6-gtswz7ZB5va1YDnUHPjAwaa0yIfsx3Y3_ywbVLBT95dnMt1Woy5ir-KaYbMQpizp9E05Yyk_D206Frql8YPrsHOuGGk6JH6aGqjn_13tqy-czX6etFJ1GqtLBFpkWgExaUsrYiFVLEEwAqsKKsELTgCAJu4uEp1xYEnfK30LH3s3tUd-mC64dj0L4c9_2a3fxjqWEc:1l6ZLC:xPLLh-tgLDiy5Ui07LMkYSH8ph87n5YCFnIWuJQWsQE", "expire_date": "2021-02-15T13:34:06.808Z"}}, {"model": "sessions.session", "pk": "smy3nyqgpu5r7bw26xid12e5vqd5i54o", "fields": {"session_data": ".eJxVjzFvwjAQhf-L55Lajs_GbClSGRiqLh26WGfn0qSxEgkbGqniv5MghGB9T9_37v7ZQFNmG_bKXtipX414zK10KWOmOd1FiN9_9a6dBL7zz-1W9ZpDGd7KaV_Rb5whtxDumOjgunpGSvkcegw9DUuTxtBhdGE8UHFLU3Hqi6_9R7WsPnMtpnbRabRmbTwRWSUsgpFa115xpQ3XANiAV3Uj0EMgAPAi8Ka0jQQp5NrYWXrbvaojpuzi-NMND4fd_2bnC-dJWAw:1l5R7B:iYCERRHnM9XVJ_ch6ptSp7DcqM6a91l1VTfQ0EcxDMI", "expire_date": "2021-02-12T10:34:57.992Z"}}, {"model": "sessions.session", "pk": "yfw7vvqgtr2nl8zfn3e6m4fmqd0o86jg", "fields": {"session_data": ".eJxVj0GLwjAQhf9Lzm5tYycxe1vRk6IoRd1TmKRTWxpbaqIIy_5320UWvb7H972ZH9bQPbBPNmYjdqs_WryGkmsfMFCfHra0m9Oi-56t1tl5d3BZ1m2UW4sth2OVdz2kB0JfPV10lffIhL-HBm1NzdD41lbotG0vFD1TH93qaL_cfA2r71yJvhx0ApWcSkNEKk0UguRC5CaNUyFjAYAFmDQvEjRgCQBMYuNiogoOPOFTqXrpc_dP7dAH7dpT1bwc9v83-30AaJ1YoQ:1lAFN5:0xcFlHkWOkYYcdHOHYlZK0SgUTcmDcowTEEWSbHexc8", "expire_date": "2021-02-25T17:03:15.800Z"}}, {"model": "sessions.session", "pk": "yw7t9vtoh19horw5ocikz9zbzwfmqzi7", "fields": {"session_data": ".eJxVj8tuwjAQRf_Faxpix2Njdn2wKAiQQGJrjZ1JkyZKVGwiRNV_J0EIle29OufO_LKWzpHN2ZRNWF-_dHiKpbAhYqQhLZf9RSzW67f9-yZtP3a7pfoUhl9k_b34gU0-QHYk7CnQ0Vb5gGTiOXToa2rHJnS-wsb67kjJPQ1JXyeH1fZ1XH3mSgzlqFNo9Ew7IjKSGwQtlMqdTKXSqQLAApzMC44OPAGA4z4tMlMIEFzMtBmk992busEQbdN9Ve2_wx5_s78rvKtX3Q:1lACSE:mAwVM3ykeFA4JHGbaLWadxwKbg_Lq0Yd0Zgfqj7NPPo", "expire_date": "2021-02-25T13:56:22.531Z"}}, {"model": "mainapp.productcategory", "pk": 1, "fields": {"name": "\u041e\u0434\u0435\u0436\u0434\u0430", "descripthion": "\u041e\u0434\u0435\u0436\u0434\u0430 \u0434\u043b\u044f \u043b\u044e\u0434\u0435\u0439", "is_active": true}}, {"model": "mainapp.productcategory", "pk": 2, "fields": {"name": "\u041e\u0431\u0443\u0432\u044c", "descripthion": "\u041e\u0431\u0443\u0432\u044c \u0434\u043b\u044f \u043b\u044e\u0434\u0435\u0439", "is_active": true}}, {"model": "mainapp.productcategory", "pk": 3, "fields": {"name": "\u0410\u043a\u0441\u0435\u0441\u0441\u0443\u0430\u0440\u044b", "descripthion": "\u0421\u0443\u043c\u043a\u0430 \u0434\u043b\u044f \u043b\u044e\u0434\u0435\u0439 \u0438 \u043d\u0435 \u0442\u043e\u043b\u044c\u043a\u043e", "is_active": true}}, {"model": "mainapp.productcategory", "pk": 4, "fields": {"name": "\u0411\u0440\u044e\u043a\u0438", "descripthion": "\u0411\u0440\u044e\u043a\u0438 \u0434\u043b\u044f \u043b\u044e\u0434\u0435\u0439", "is_active": true}}, {"model": "mainapp.productcategory", "pk": 5, "fields": {"name": "\u0410\u043a\u0441\u0435\u0441\u0441\u0443\u0430\u0440\u044b \u0443\u043b\u0443\u0447\u0448\u0435\u043d\u043d\u044b\u0435", "descripthion": "\u0410\u043a\u0441\u0435\u0441\u0441\u0443\u0430\u0440\u044b \u0443\u043b\u0443\u0447\u0448\u0435\u043d\u043d\u044b\u0435 \u0434\u043b\u044f \u0432\u0441\u0435\u0445", "is_active": true}}, {"model": "mainapp.productcategory", "pk": 6, "fields": {"name": "\u041f\u0430\u043b\u044c\u0442\u043e \u043c\u0443\u0436\u0441\u043a\u043e\u0435", "descripthion": "\u0414\u043b\u044f \u043d\u0430\u0441\u0442\u043e\u044f\u0449\u0438\u0445 \u043c\u0443\u0436\u0447\u0438\u043d", "is_active": true}}, {"model": "mainapp.productcategory", "pk": 7, "fields": {"name": "\u041f\u043e\u0434\u0432\u043e\u0434\u043d\u043e\u0435 \u0441\u043d\u0430\u0440\u044f\u0436\u0435\u043d\u0438\u0435", "descripthion": "\u0414\u043b\u044f \u0438\u0449\u0443\u0449\u0438\u0445 \u043f\u0440\u0438\u043a\u043b\u044e\u0447\u0435\u043d\u0438\u0439", "is_active": true}}, {"model": "mainapp.productcategory", "pk": 8, "fields": {"name": "\u041f\u0435\u0440\u0447\u0430\u0442\u043a\u0438", "descripthion": "\u0414\u043b\u044f \u043c\u0443\u0436\u0447\u0438\u043d \u0438 \u0436\u0435\u043d\u0449\u0438\u043d", "is_active": true}}, {"model": "mainapp.product", "pk": 1, "fields": {"category": 2, "name": "\u0427\u0435\u0440\u043d\u044b\u0435 \u0442\u0443\u0444\u043b\u0438 \u043d\u0430 \u043f\u043b\u0430\u0442\u0444\u043e\u0440\u043c\u0435 \u0441 3 \u043f\u0430\u0440\u0430\u043c\u0438 \u043b\u044e\u0432\u0435\u0440\u0441\u043e\u0432 Dr Martens 1461 Bex", "image": "products_images/Black_Dr_Martens_shoes_y7ETFsS.png", "short_desc": "\u0427\u0435\u0440\u043d\u044b\u0435 \u0442\u0443\u0444\u043b\u0438 \u043d\u0430 \u043f\u043b\u0430\u0442\u0444\u043e\u0440\u043c\u0435 \u0441 3 \u043f\u0430\u0440\u0430\u043c\u0438 \u043b\u044e\u0432\u0435\u0440\u0441\u043e\u0432 Dr Martens 146", "descripthion": "\u0427\u0435\u0440\u043d\u044b\u0435 \u0442\u0443\u0444\u043b\u0438 \u043d\u0430 \u043f\u043b\u0430\u0442\u0444\u043e\u0440\u043c\u0435 \u0441 3 \u043f\u0430\u0440\u0430\u043c\u0438 \u043b\u044e\u0432\u0435\u0440\u0441\u043e\u0432 Dr Martens 146", "price": "13590.00", "quantity": 24, "time_create": "2020-12-19", "is_active": true}}, {"model": "mainapp.product", "pk": 2, "fields": {"category": 1, "name": "\u0425\u0443\u0434\u0438 \u0447\u0435\u0440\u043d\u043e\u0433\u043e \u0446\u0432\u0435\u0442\u0430 \u0441 \u043c\u043e\u043d\u043e\u0433\u0440\u0430\u043c\u043c\u0430\u043c\u0438 adidas Originals", "image": "products_images/Adidas_hoodie_PkKRNVO.png", "short_desc": "\u0425\u0443\u0434\u0438 \u0447\u0435\u0440\u043d\u043e\u0433\u043e \u0446\u0432\u0435\u0442\u0430 \u0441 \u043c\u043e\u043d\u043e\u0433\u0440\u0430\u043c\u043c\u0430\u043c\u0438 adidas Originals", "descripthion": "\u041c\u044f\u0433\u043a\u0430\u044f \u0442\u043a\u0430\u043d\u044c \u0434\u043b\u044f \u0441\u0432\u0438\u0442\u0448\u043e\u0442\u043e\u0432. \u0421\u0442\u0438\u043b\u044c \u0438 \u043a\u043e\u043c\u0444\u043e\u0440\u0442 \u2013 \u044d\u0442\u043e \u043e\u0431\u0440\u0430\u0437 \u0436\u0438\u0437\u043d\u0438.", "price": "6090.00", "quantity": 27, "time_create": "2020-12-19", "is_active": true}}, {"model": "mainapp.product", "pk": 3, "fields": {"category": 3, "name": "\u0427\u0435\u0440\u043d\u044b\u0439 \u0440\u044e\u043a\u0437\u0430\u043a Nike Heritage", "image": "products_images/Black_Nike_Heritage_backpack_K0WDPgg.png", "short_desc": "\u041f\u043b\u043e\u0442\u043d\u0430\u044f \u0442\u043a\u0430\u043d\u044c. \u041b\u0435\u0433\u043a\u0438\u0439 \u043c\u0430\u0442\u0435\u0440\u0438\u0430\u043b.", "descripthion": "\u0427\u0435\u0440\u043d\u044b\u0439 \u0440\u044e\u043a\u0437\u0430\u043a Nike Heritage", "price": "2340.00", "quantity": 21, "time_create": "2020-12-19", "is_active": true}}, {"model": "mainapp.product", "pk": 4, "fields": {"category": 1, "name": "\u0421\u0438\u043d\u044f\u044f \u043a\u0443\u0440\u0442\u043a\u0430 The North Face", "image": "products_images/Blue_jacket_The_North_Face_XroTGB6.png", "short_desc": "\u0413\u043b\u0430\u0434\u043a\u0430\u044f \u0442\u043a\u0430\u043d\u044c. \u0412\u043e\u0434\u043e\u043d\u0435\u043f\u0440\u043e\u043d\u0438\u0446\u0430\u0435\u043c\u043e\u0435 \u043f\u043e\u043a\u0440\u044b\u0442\u0438\u0435. \u041b\u0435\u0433\u043a\u0438\u0439 \u0438 \u0442\u0435\u043f\u043b\u044b\u0439 \u043f", "descripthion": "\u0413\u043b\u0430\u0434\u043a\u0430\u044f \u0442\u043a\u0430\u043d\u044c. \u0412\u043e\u0434\u043e\u043d\u0435\u043f\u0440\u043e\u043d\u0438\u0446\u0430\u0435\u043c\u043e\u0435 \u043f\u043e\u043a\u0440\u044b\u0442\u0438\u0435. \u041b\u0435\u0433\u043a\u0438\u0439 \u0438 \u0442\u0435\u043f\u043b\u044b\u0439 \u043f\u0443\u0445\u043e\u0432\u044b\u0439 \u043d\u0430\u043f\u043e\u043b\u043d\u0438\u0442\u0435\u043b\u044c.", "price": "23725.00", "quantity": 28, "time_create": "2020-12-19", "is_active": true}}, {"model": "mainapp.product", "pk": 5, "fields": {"category": 4, "name": "\u0422\u0435\u043c\u043d\u043e-\u0441\u0438\u043d\u0438\u0435 \u0448\u0438\u0440\u043e\u043a\u0438\u0435 \u0441\u0442\u0440\u043e\u0433\u0438\u0435 \u0431\u0440\u044e\u043a\u0438 ASOS DESIGN", "image": "products_images/Dark_blue_wide-leg_ASOs_DESIGN_trousers_DCaloEv.png", "short_desc": "\u041b\u0435\u0433\u043a\u0430\u044f \u044d\u043b\u0430\u0441\u0442\u0438\u0447\u043d\u0430\u044f \u0442\u043a\u0430\u043d\u044c \u0441\u0438\u0440\u0441\u0430\u043a\u0435\u0440 \u0424\u0430\u043a\u0442\u0443\u0440\u043d\u0430\u044f \u0442\u043a\u0430\u043d\u044c.", "descripthion": "\u041b\u0435\u0433\u043a\u0430\u044f \u044d\u043b\u0430\u0441\u0442\u0438\u0447\u043d\u0430\u044f \u0442\u043a\u0430\u043d\u044c \u0441\u0438\u0440\u0441\u0430\u043a\u0435\u0440 \u0424\u0430\u043a\u0442\u0443\u0440\u043d\u0430\u044f \u0442\u043a\u0430\u043d\u044c.", "price": "2890.00", "quantity": 29, "time_create": "2020-12-19", "is_active": true}}, {"model": "mainapp.product", "pk": 6, "fields": {"category": 1, "name": "\u041a\u043e\u0440\u0438\u0447\u043d\u0435\u0432\u044b\u0439 \u0441\u043f\u043e\u0440\u0442\u0438\u0432\u043d\u044b\u0439 oversized-\u0442\u043e\u043f ASOS DESIGN", "image": "products_images/Brown_sports_oversized-top_ASOS_DESIGN_1KCg8bF.png", "short_desc": "\u041c\u0430\u0442\u0435\u0440\u0438\u0430\u043b \u0441 \u043f\u043b\u044e\u0448\u0435\u0432\u043e\u0439 \u0442\u0435\u043a\u0441\u0442\u0443\u0440\u043e\u0439. \u0423\u0434\u043e\u0431\u043d\u044b\u0439 \u0438 \u043c\u044f\u0433\u043a\u0438\u0439.", "descripthion": "\u041c\u0430\u0442\u0435\u0440\u0438\u0430\u043b \u0441 \u043f\u043b\u044e\u0448\u0435\u0432\u043e\u0439 \u0442\u0435\u043a\u0441\u0442\u0443\u0440\u043e\u0439. \u0423\u0434\u043e\u0431\u043d\u044b\u0439 \u0438 \u043c\u044f\u0433\u043a\u0438\u0439.", "price": "3390.00", "quantity": 33, "time_create": "2020-12-19", "is_active": true}}, {"model": "ordersapp.orderitem", "pk": 1, "fields": {"order": 1, "product": 4, "quantity": 3}}, {"model": "ordersapp.orderitem", "pk": 2, "fields": {"order": 2, "product": 4, "quantity": 1}}, {"model": "ordersapp.orderitem", "pk": 3, "fields": {"order": 3, "product": 5, "quantity": 1}}, {"model": "ordersapp.orderitem", "pk": 4, "fields": {"order": 4, "product": 5, "quantity": 5}}, {"model": "ordersapp.orderitem", "pk": 5, "fields": {"order": 5, "product": 6, "quantity": 1}}, {"model": "ordersapp.orderitem", "pk": 6, "fields": {"order": 5, "product": 6, "quantity": 6}}, {"model": "ordersapp.orderitem", "pk": 7, "fields": {"order": 6, "product": 6, "quantity": 3}}, {"model": "ordersapp.orderitem", "pk": 8, "fields": {"order": 7, "product": 3, "quantity": 4}}, {"model": "ordersapp.orderitem", "pk": 9, "fields": {"order": 7, "product": 6, "quantity": 3}}, {"model": "ordersapp.orderitem", "pk": 10, "fields": {"order": 7, "product": 5, "quantity": 4}}, {"model": "ordersapp.orderitem", "pk": 11, "fields": {"order": 8, "product": 6, "quantity": 4}}, {"model": "ordersapp.orderitem", "pk": 12, "fields": {"order": 8, "product": 5, "quantity": 4}}, {"model": "ordersapp.orderitem", "pk": 13, "fields": {"order": 8, "product": 3, "quantity": 5}}, {"model": "ordersapp.orderitem", "pk": 14, "fields": {"order": 9, "product": 6, "quantity": 11}}, {"model": "ordersapp.orderitem", "pk": 15, "fields": {"order": 9, "product": 2, "quantity": 2}}, {"model": "ordersapp.orderitem", "pk": 16, "fields": {"order": 9, "product": 1, "quantity": 2}}, {"model": "ordersapp.orderitem", "pk": 17, "fields": {"order": 9, "product": 4, "quantity": 4}}, {"model": "ordersapp.orderitem", "pk": 18, "fields": {"order": 9, "product": 2, "quantity": 2}}, {"model": "ordersapp.orderitem", "pk": 19, "fields": {"order": 9, "product": 1, "quantity": 2}}, {"model": "ordersapp.orderitem", "pk": 20, "fields": {"order": 9, "product": 4, "quantity": 7}}, {"model": "ordersapp.orderitem", "pk": 21, "fields": {"order": 9, "product": 2, "quantity": 4}}, {"model": "ordersapp.orderitem", "pk": 22, "fields": {"order": 9, "product": 1, "quantity": 4}}, {"model": "ordersapp.orderitem", "pk": 23, "fields": {"order": 9, "product": 4, "quantity": 6}}, {"model": "ordersapp.orderitem", "pk": 24, "fields": {"order": 9, "product": 2, "quantity": 2}}, {"model": "ordersapp.orderitem", "pk": 25, "fields": {"order": 9, "product": 1, "quantity": 2}}, {"model": "ordersapp.orderitem", "pk": 26, "fields": {"order": 9, "product": 4, "quantity": 4}}, {"model": "ordersapp.orderitem", "pk": 27, "fields": {"order": 10, "product": 2, "quantity": 2}}, {"model": "ordersapp.orderitem", "pk": 28, "fields": {"order": 10, "product": 1, "quantity": 2}}, {"model": "ordersapp.orderitem", "pk": 29, "fields": {"order": 10, "product": 4, "quantity": 4}}, {"model": "ordersapp.orderitem", "pk": 30, "fields": {"order": 11, "product": 2, "quantity": 2}}, {"model": "ordersapp.orderitem", "pk": 31, "fields": {"order": 11, "product": 1, "quantity": 2}}, {"model": "ordersapp.orderitem", "pk": 32, "fields": {"order": 11, "product": 4, "quantity": 4}}, {"model": "ordersapp.orderitem", "pk": 33, "fields": {"order": 12, "product": 2, "quantity": 2}}, {"model": "ordersapp.orderitem", "pk": 34, "fields": {"order": 12, "product": 1, "quantity": 2}}, {"model": "ordersapp.orderitem", "pk": 35, "fields": {"order": 12, "product": 4, "quantity": 4}}, {"model": "ordersapp.orderitem", "pk": 36, "fields": {"order": 2, "product": 2, "quantity": 2}}, {"model": "ordersapp.orderitem", "pk": 37, "fields": {"order": 2, "product": 1, "quantity": 2}}, {"model": "ordersapp.orderitem", "pk": 38, "fields": {"order": 2, "product": 4, "quantity": 4}}, {"model": "ordersapp.orderitem", "pk": 39, "fields": {"order": 13, "product": 2, "quantity": 2}}, {"model": "ordersapp.orderitem", "pk": 40, "fields": {"order": 13, "product": 1, "quantity": 2}}, {"model": "ordersapp.orderitem", "pk": 41, "fields": {"order": 13, "product": 4, "quantity": 4}}, {"model": "ordersapp.orderitem", "pk": 42, "fields": {"order": 14, "product": 2, "quantity": 2}}, {"model": "ordersapp.orderitem", "pk": 43, "fields": {"order": 14, "product": 1, "quantity": 2}}, {"model": "ordersapp.orderitem", "pk": 44, "fields": {"order": 14, "product": 4, "quantity": 4}}, {"model": "ordersapp.orderitem", "pk": 45, "fields": {"order": 14, "product": 3, "quantity": 2}}, {"model": "ordersapp.orderitem", "pk": 46, "fields": {"order": 14, "product": 5, "quantity": 3}}, {"model": "ordersapp.orderitem", "pk": 47, "fields": {"order": 4, "product": 1, "quantity": 1}}, {"model": "ordersapp.orderitem", "pk": 48, "fields": {"order": 14, "product": 1, "quantity": 1}}, {"model": "ordersapp.orderitem", "pk": 49, "fields": {"order": 15, "product": 3, "quantity": 2}}, {"model": "ordersapp.orderitem", "pk": 50, "fields": {"order": 15, "product": 5, "quantity": 3}}, {"model": "ordersapp.orderitem", "pk": 53, "fields": {"order": 16, "product": 6, "quantity": 1}}, {"model": "ordersapp.orderitem", "pk": 54, "fields": {"order": 16, "product": 4, "quantity": 4}}, {"model": "ordersapp.orderitem", "pk": 55, "fields": {"order": 16, "product": 5, "quantity": 2}}, {"model": "ordersapp.orderitem", "pk": 56, "fields": {"order": 18, "product": 3, "quantity": 3}}, {"model": "ordersapp.orderitem", "pk": 57, "fields": {"order": 19, "product": 4, "quantity": 3}}, {"model": "ordersapp.orderitem", "pk": 58, "fields": {"order": 19, "product": 5, "quantity": 4}}, {"model": "ordersapp.orderitem", "pk": 59, "fields": {"order": 19, "product": 6, "quantity": 3}}, {"model": "ordersapp.orderitem", "pk": 60, "fields": {"order": 20, "product": 6, "quantity": 3}}, {"model": "ordersapp.orderitem", "pk": 61, "fields": {"order": 20, "product": 4, "quantity": 4}}, {"model": "ordersapp.orderitem", "pk": 62, "fields": {"order": 19, "product": 6, "quantity": 2}}, {"model": "ordersapp.orderitem", "pk": 63, "fields": {"order": 19, "product": 2, "quantity": 2}}, {"model": "ordersapp.orderitem", "pk": 64, "fields": {"order": 20, "product": 6, "quantity": 2}}, {"model": "ordersapp.orderitem", "pk": 65, "fields": {"order": 19, "product": 4, "quantity": 2}}, {"model": "auth.permission", "pk": 1, "fields": {"name": "Can add log entry", "content_type": 1, "codename": "add_logentry"}}, {"model": "auth.permission", "pk": 2, "fields": {"name": "Can change log entry", "content_type": 1, "codename": "change_logentry"}}, {"model": "auth.permission", "pk": 3, "fields": {"name": "Can delete log entry", "content_type": 1, "codename": "delete_logentry"}}, {"model": "auth.permission", "pk": 4, "fields": {"name": "Can view log entry", "content_type": 1, "codename": "view_logentry"}}, {"model": "auth.permission", "pk": 5, "fields": {"name": "Can add permission", "content_type": 2, "codename": "add_permission"}}, {"model": "auth.permission", "pk": 6, "fields": {"name": "Can change permission", "content_type": 2, "codename": "change_permission"}}, {"model": "auth.permission", "pk": 7, "fields": {"name": "Can delete permission", "content_type": 2, "codename": "delete_permission"}}, {"model": "auth.permission", "pk": 8, "fields": {"name": "Can view permission", "content_type": 2, "codename": "view_permission"}}, {"model": "auth.permission", "pk": 9, "fields": {"name": "Can add group", "content_type": 3, "codename": "add_group"}}, {"model": "auth.permission", "pk": 10, "fields": {"name": "Can change group", "content_type": 3, "codename": "change_group"}}, {"model": "auth.permission", "pk": 11, "fields": {"name": "Can delete group", "content_type": 3, "codename": "delete_group"}}, {"model": "auth.permission", "pk": 12, "fields": {"name": "Can view group", "content_type": 3, "codename": "view_group"}}, {"model": "auth.permission", "pk": 13, "fields": {"name": "Can add content type", "content_type": 4, "codename": "add_contenttype"}}, {"model": "auth.permission", "pk": 14, "fields": {"name": "Can change content type", "content_type": 4, "codename": "change_contenttype"}}, {"model": "auth.permission", "pk": 15, "fields": {"name": "Can delete content type", "content_type": 4, "codename": "delete_contenttype"}}, {"model": "auth.permission", "pk": 16, "fields": {"name": "Can view content type", "content_type": 4, "codename": "view_contenttype"}}, {"model": "auth.permission", "pk": 17, "fields": {"name": "Can add session", "content_type": 5, "codename": "add_session"}}, {"model": "auth.permission", "pk": 18, "fields": {"name": "Can change session", "content_type": 5, "codename": "change_session"}}, {"model": "auth.permission", "pk": 19, "fields": {"name": "Can delete session", "content_type": 5, "codename": "delete_session"}}, {"model": "auth.permission", "pk": 20, "fields": {"name": "Can view session", "content_type": 5, "codename": "view_session"}}, {"model": "auth.permission", "pk": 21, "fields": {"name": "Can add product category", "content_type": 6, "codename": "add_productcategory"}}, {"model": "auth.permission", "pk": 22, "fields": {"name": "Can change product category", "content_type": 6, "codename": "change_productcategory"}}, {"model": "auth.permission", "pk": 23, "fields": {"name": "Can delete product category", "content_type": 6, "codename": "delete_productcategory"}}, {"model": "auth.permission", "pk": 24, "fields": {"name": "Can view product category", "content_type": 6, "codename": "view_productcategory"}}, {"model": "auth.permission", "pk": 25, "fields": {"name": "Can add product", "content_type": 7, "codename": "add_product"}}, {"model": "auth.permission", "pk": 26, "fields": {"name": "Can change product", "content_type": 7, "codename": "change_product"}}, {"model": "auth.permission", "pk": 27, "fields": {"name": "Can delete product", "content_type": 7, "codename": "delete_product"}}, {"model": "auth.permission", "pk": 28, "fields": {"name": "Can view product", "content_type": 7, "codename": "view_product"}}, {"model": "auth.permission", "pk": 29, "fields": {"name": "Can add user", "content_type": 8, "codename": "add_user"}}, {"model": "auth.permission", "pk": 30, "fields": {"name": "Can change user", "content_type": 8, "codename": "change_user"}}, {"model": "auth.permission", "pk": 31, "fields": {"name": "Can delete user", "content_type": 8, "codename": "delete_user"}}, {"model": "auth.permission", "pk": 32, "fields": {"name": "Can view user", "content_type": 8, "codename": "view_user"}}, {"model": "auth.permission", "pk": 33, "fields": {"name": "Can add basket", "content_type": 9, "codename": "add_basket"}}, {"model": "auth.permission", "pk": 34, "fields": {"name": "Can change basket", "content_type": 9, "codename": "change_basket"}}, {"model": "auth.permission", "pk": 35, "fields": {"name": "Can delete basket", "content_type": 9, "codename": "delete_basket"}}, {"model": "auth.permission", "pk": 36, "fields": {"name": "Can view basket", "content_type": 9, "codename": "view_basket"}}, {"model": "auth.permission", "pk": 37, "fields": {"name": "Can add product category edit form", "content_type": 10, "codename": "add_productcategoryeditform"}}, {"model": "auth.permission", "pk": 38, "fields": {"name": "Can change product category edit form", "content_type": 10, "codename": "change_productcategoryeditform"}}, {"model": "auth.permission", "pk": 39, "fields": {"name": "Can delete product category edit form", "content_type": 10, "codename": "delete_productcategoryeditform"}}, {"model": "auth.permission", "pk": 40, "fields": {"name": "Can view product category edit form", "content_type": 10, "codename": "view_productcategoryeditform"}}, {"model": "auth.permission", "pk": 41, "fields": {"name": "Can add association", "content_type": 11, "codename": "add_association"}}, {"model": "auth.permission", "pk": 42, "fields": {"name": "Can change association", "content_type": 11, "codename": "change_association"}}, {"model": "auth.permission", "pk": 43, "fields": {"name": "Can delete association", "content_type": 11, "codename": "delete_association"}}, {"model": "auth.permission", "pk": 44, "fields": {"name": "Can view association", "content_type": 11, "codename": "view_association"}}, {"model": "auth.permission", "pk": 45, "fields": {"name": "Can add code", "content_type": 12, "codename": "add_code"}}, {"model": "auth.permission", "pk": 46, "fields": {"name": "Can change code", "content_type": 12, "codename": "change_code"}}, {"model": "auth.permission", "pk": 47, "fields": {"name": "Can delete code", "content_type": 12, "codename": "delete_code"}}, {"model": "auth.permission", "pk": 48, "fields": {"name": "Can view code", "content_type": 12, "codename": "view_code"}}, {"model": "auth.permission", "pk": 49, "fields": {"name": "Can add nonce", "content_type": 13, "codename": "add_nonce"}}, {"model": "auth.permission", "pk": 50, "fields": {"name": "Can change nonce", "content_type": 13, "codename": "change_nonce"}}, {"model": "auth.permission", "pk": 51, "fields": {"name": "Can delete nonce", "content_type": 13, "codename": "delete_nonce"}}, {"model": "auth.permission", "pk": 52, "fields": {"name": "Can view nonce", "content_type": 13, "codename": "view_nonce"}}, {"model": "auth.permission", "pk": 53, "fields": {"name": "Can add user social auth", "content_type": 14, "codename": "add_usersocialauth"}}, {"model": "auth.permission", "pk": 54, "fields": {"name": "Can change user social auth", "content_type": 14, "codename": "change_usersocialauth"}}, {"model": "auth.permission", "pk": 55, "fields": {"name": "Can delete user social auth", "content_type": 14, "codename": "delete_usersocialauth"}}, {"model": "auth.permission", "pk": 56, "fields": {"name": "Can view user social auth", "content_type": 14, "codename": "view_usersocialauth"}}, {"model": "auth.permission", "pk": 57, "fields": {"name": "Can add partial", "content_type": 15, "codename": "add_partial"}}, {"model": "auth.permission", "pk": 58, "fields": {"name": "Can change partial", "content_type": 15, "codename": "change_partial"}}, {"model": "auth.permission", "pk": 59, "fields": {"name": "Can delete partial", "content_type": 15, "codename": "delete_partial"}}, {"model": "auth.permission", "pk": 60, "fields": {"name": "Can view partial", "content_type": 15, "codename": "view_partial"}}, {"model": "auth.permission", "pk": 61, "fields": {"name": "Can add user profile", "content_type": 16, "codename": "add_userprofile"}}, {"model": "auth.permission", "pk": 62, "fields": {"name": "Can change user profile", "content_type": 16, "codename": "change_userprofile"}}, {"model": "auth.permission", "pk": 63, "fields": {"name": "Can delete user profile", "content_type": 16, "codename": "delete_userprofile"}}, {"model": "auth.permission", "pk": 64, "fields": {"name": "Can view user profile", "content_type": 16, "codename": "view_userprofile"}}, {"model": "auth.permission", "pk": 65, "fields": {"name": "Can add \u0437\u0430\u043a\u0430\u0437", "content_type": 17, "codename": "add_order"}}, {"model": "auth.permission", "pk": 66, "fields": {"name": "Can change \u0437\u0430\u043a\u0430\u0437", "content_type": 17, "codename": "change_order"}}, {"model": "auth.permission", "pk": 67, "fields": {"name": "Can delete \u0437\u0430\u043a\u0430\u0437", "content_type": 17, "codename": "delete_order"}}, {"model": "auth.permission", "pk": 68, "fields": {"name": "Can view \u0437\u0430\u043a\u0430\u0437", "content_type": 17, "codename": "view_order"}}, {"model": "auth.permission", "pk": 69, "fields": {"name": "Can add order item", "content_type": 18, "codename": "add_orderitem"}}, {"model": "auth.permission", "pk": 70, "fields": {"name": "Can change order item", "content_type": 18, "codename": "change_orderitem"}}, {"model": "auth.permission", "pk": 71, "fields": {"name": "Can delete order item", "content_type": 18, "codename": "delete_orderitem"}}, {"model": "auth.permission", "pk": 72, "fields": {"name": "Can view order item", "content_type": 18, "codename": "view_orderitem"}}, {"model": "authapp.user", "pk": 1, "fields": {"password": "pbkdf2_sha256$150000$Awml4hqQlIoK$KlIOFZ0R1gXIE328JbpRy4lqhMLPCp6snKsqiIKUzik=", "last_login": "2021-01-14T07:19:53.102Z", "is_superuser": true, "username": "django", "first_name": "\u041c\u0430\u0436\u0438\u0442", "last_name": "\u0418\u0432\u0430\u0435\u0432", "email": "django@django.ru", "is_staff": true, "is_active": true, "date_joined": "2020-12-19T20:09:40Z", "avatar": "users_avatars/Adidas_hoodie.png", "age": null, "activation_key": "", "activation_key_expires": "2021-01-19T06:41:47.451Z", "groups": [], "user_permissions": []}}, {"model": "authapp.user", "pk": 2, "fields": {"password": "pbkdf2_sha256$150000$2ipjA83mZ7Yz$RLDZxEIlzLAdkDMm6GwMth73LnP4XOv7bffBZlwxFxU=", "last_login": null, "is_superuser": false, "username": "mig7676", "first_name": "\u041c\u0430\u0436\u0438\u0442", "last_name": "ivaev", "email": "mig7676@yandex.ru", "is_staff": false, "is_active": true, "date_joined": "2020-12-20T15:01:27.798Z", "avatar": "", "age": null, "activation_key": "", "activation_key_expires": "2021-01-19T06:41:47.451Z", "groups": [], "user_permissions": []}}, {"model": "authapp.user", "pk": 3, "fields": {"password": "pbkdf2_sha256$150000$mLbPvqyhkZMj$DyYVzFzQ2I1yHL0SLJK3f+LgVhA/6Gv6HRNRFovArCw=", "last_login": null, "is_superuser": false, "username": "kts777", "first_name": "\u041c\u0430\u0436\u0438\u0442", "last_name": "\u0418\u0432\u0430\u0435\u0432", "email": "1@gidro777.ru", "is_staff": false, "is_active": true, "date_joined": "2020-12-20T15:04:03.564Z", "avatar": "", "age": null, "activation_key": "", "activation_key_expires": "2021-01-19T06:41:47.451Z", "groups": [], "user_permissions": []}}, {"model": "authapp.user", "pk": 4, "fields": {"password": "pbkdf2_sha256$150000$PdyTPVOoK3T6$Txmjn34OJSZIVM32bsA9xumtXRzw46WFyw3tQqIqbm0=", "last_login": "2020-12-20T16:02:57.656Z", "is_superuser": false, "username": "kts7777", "first_name": "\u041c\u0430\u0436\u0438\u0442", "last_name": "\u0418\u0432\u0430\u0435\u0432", "email": "2@gidro777.ru", "is_staff": false, "is_active": true, "date_joined": "2020-12-20T16:02:20.565Z", "avatar": "", "age": null, "activation_key": "", "activation_key_expires": "2021-01-19T06:41:47.451Z", "groups": [], "user_permissions": []}}, {"model": "authapp.user", "pk": 5, "fields": {"password": "pbkdf2_sha256$150000$zdo0lWm3GJLn$8fmsJrAANn3FtcNxmT0domVqQZ4npqrbbNJxq9yGlXY=", "last_login": null, "is_superuser": false, "username": "Petro", "first_name": "\u041f\u0435\u0442\u044f", "last_name": "\u0412\u0430\u0441\u0438\u0447\u043a\u0438\u043d", "email": "Petro@mail.ru", "is_staff": false, "is_active": false, "date_joined": "2020-12-20T16:22:12.082Z", "avatar": "", "age": null, "activation_key": "", "activation_key_expires": "2021-01-19T06:41:47.451Z", "groups": [], "user_permissions": []}}, {"model": "authapp.user", "pk": 6, "fields": {"password": "pbkdf2_sha256$150000$CZnAIYfMir0s$lpDYJxO+V/TzeyO58wEvXMGNWvyevGmV587f5euSV9M=", "last_login": "2020-12-20T16:35:04.574Z", "is_superuser": false, "username": "kts7", "first_name": "\u041f\u0435\u0442\u044f", "last_name": "\u0412\u0430\u0441\u0438\u0447\u043a\u0438\u043d", "email": "kts7@yandex.ru", "is_staff": false, "is_active": true, "date_joined": "2020-12-20T16:34:28.296Z", "avatar": "", "age": null, "activation_key": "", "activation_key_expires": "2021-01-19T06:41:47.451Z", "groups": [], "user_permissions": []}}, {"model": "authapp.user", "pk": 7, "fields": {"password": "pbkdf2_sha256$150000$CYnOXmoGO18o$DxzEqzsZ3/F5y40TpOBNE8gA2XYht54GVAULEbn7Ahg=", "last_login": "2020-12-20T16:38:57.876Z", "is_superuser": false, "username": "Petro1", "first_name": "\u041f\u0435\u0442\u044f", "last_name": "\u0418\u0432\u0430\u0435\u0432", "email": "3@gidro.ru", "is_staff": false, "is_active": true, "date_joined": "2020-12-20T16:38:57.495Z", "avatar": "", "age": null, "activation_key": "", "activation_key_expires": "2021-01-19T06:41:47.451Z", "groups": [], "user_permissions": []}}, {"model": "authapp.user", "pk": 8, "fields": {"password": "pbkdf2_sha256$150000$YUlLbjvVQdrG$pDsDsu1szWI2+v9ZhaSR8RkEdFDNExB/fpt9YvR6Yv8=", "last_login": "2020-12-28T12:39:03.802Z", "is_superuser": true, "username": "Django", "first_name": "", "last_name": "", "email": "django@django.ru", "is_staff": true, "is_active": false, "date_joined": "2020-12-23T16:43:32Z", "avatar": "users_avatars/Blue_jacket_The_North_Face.png", "age": null, "activation_key": "", "activation_key_expires": "2021-01-19T06:41:47.451Z", "groups": [], "user_permissions": []}}, {"model": "authapp.user", "pk": 9, "fields": {"password": "pbkdf2_sha256$150000$YpwjrJsVhmad$G/B+2OcWcWV2l5PGNuDCdBQ6BdIuCDn3fSD9R7xAUl0=", "last_login": "2020-12-23T17:48:12.311Z", "is_superuser": false, "username": "Danila", "first_name": "Danila2hhy", "last_name": "Master.,jkj", "email": "master@master.ru", "is_staff": false, "is_active": false, "date_joined": "2020-12-23T17:47:41.723Z", "avatar": "users_avatars/Dark_blue_wide-leg_ASOs_DESIGN_trousers_cQJ84nV.png", "age": null, "activation_key": "", "activation_key_expires": "2021-01-19T06:41:47.451Z", "groups": [], "user_permissions": []}}, {"model": "authapp.user", "pk": 10, "fields": {"password": "pbkdf2_sha256$150000$6RCQDGm45oCY$FcMF5z1Fs+oHSdGIEXqBk12BjthnrHFPqqoNdWoSib0=", "last_login": null, "is_superuser": false, "username": "\u044312323", "first_name": "\u0418\u0432\u0430\u043d", "last_name": "\u0421\u0443\u0441\u0430\u043d\u0438\u043d\u0446\u0439\u0443", "email": "Susanin12321@mail.ru", "is_staff": false, "is_active": false, "date_joined": "2020-12-28T08:21:43.488Z", "avatar": "users_avatars/Adidas_hoodie_GMt6qoB.png", "age": null, "activation_key": "", "activation_key_expires": "2021-01-19T06:41:47.451Z", "groups": [], "user_permissions": []}}, {"model": "authapp.user", "pk": 11, "fields": {"password": "pbkdf2_sha256$150000$rZpcUeDgoCoq$bOTSaLgECS1mjVpQzMAs0HRFx6cBprqC/3k8tjkgSxQ=", "last_login": "2020-12-28T12:48:49.614Z", "is_superuser": false, "username": "Furman", "first_name": "\u041f\u0435\u0442\u044f", "last_name": "\u0424\u0443\u0440\u043c\u0430\u043d", "email": "furman@mail.ru", "is_staff": false, "is_active": true, "date_joined": "2020-12-28T12:44:58.260Z", "avatar": "users_avatars/Brown_sports_oversized-top_ASOS_DESIGN.png", "age": null, "activation_key": "", "activation_key_expires": "2021-01-19T06:41:47.451Z", "groups": [], "user_permissions": []}}, {"model": "authapp.user", "pk": 12, "fields": {"password": "pbkdf2_sha256$150000$Scd0D40HmBAK$bHxUomsmWuwH64D5dSWAD0MZdwcesAhj2FdsF5jiD/c=", "last_login": null, "is_superuser": false, "username": "Savinich", "first_name": "\u0410\u043b\u0435\u043a\u0441\u0435\u0439", "last_name": "\u041f\u0435\u0442\u0440\u043e\u0432\u0438\u0447", "email": "Savinich@mail.ru", "is_staff": false, "is_active": true, "date_joined": "2020-12-29T07:48:51.216Z", "avatar": "users_avatars/Blue_jacket_The_North_Face_U2AOevZ_cQ60P0Z.png", "age": null, "activation_key": "", "activation_key_expires": "2021-01-19T06:41:47.451Z", "groups": [], "user_permissions": []}}, {"model": "authapp.user", "pk": 13, "fields": {"password": "pbkdf2_sha256$150000$xmccpr3X09Iq$zRv/wNH9MnaV5NkxHOjPVh6X5WTiIF3wplBnZWF7rXE=", "last_login": "2020-12-29T08:10:33.479Z", "is_superuser": true, "username": "Mazhit", "first_name": "", "last_name": "", "email": "Mazhit@mail.ru", "is_staff": true, "is_active": true, "date_joined": "2020-12-29T08:10:20.439Z", "avatar": "", "age": null, "activation_key": "", "activation_key_expires": "2021-01-19T06:41:47.451Z", "groups": [], "user_permissions": []}}, {"model": "authapp.user", "pk": 14, "fields": {"password": "pbkdf2_sha256$150000$dlbydDEUpBbT$ceFtAeKoLJcqDnjxkDO1wckSzWznUexqpiQ3Vmubrhs=", "last_login": "2020-12-29T08:14:30.811Z", "is_superuser": true, "username": "django12", "first_name": "", "last_name": "", "email": "django12@mail.ru", "is_staff": true, "is_active": false, "date_joined": "2020-12-29T08:14:16.025Z", "avatar": "", "age": null, "activation_key": "", "activation_key_expires": "2021-01-19T06:41:47.451Z", "groups": [], "user_permissions": []}}, {"model": "authapp.user", "pk": 15, "fields": {"password": "pbkdf2_sha256$150000$30MI4RUxK1bV$7Oaaz3A2IePC8jAjROvHnjVJ3Os4YGREWub9Z4XOJbg=", "last_login": "2020-12-29T09:01:56.461Z", "is_superuser": true, "username": "django13", "first_name": "", "last_name": "", "email": "django13@mail.ru", "is_staff": true, "is_active": true, "date_joined": "2020-12-29T08:19:02.625Z", "avatar": "", "age": null, "activation_key": "", "activation_key_expires": "2021-01-19T06:41:47.451Z", "groups": [], "user_permissions": []}}, {"model": "authapp.user", "pk": 16, "fields": {"password": "pbkdf2_sha256$216000$QRtkwc31VbuM$8JHA2n/sZBsrgMItlFgBy761UEkqjVYeyc0NR6REmQY=", "last_login": null, "is_superuser": false, "username": "Pupkin9", "first_name": "\u0412\u0430\u0441\u044f", "last_name": "\u041f\u0443\u043f\u043a\u0438\u043d", "email": "Pupkin9@mail.ru", "is_staff": false, "is_active": true, "date_joined": "2021-01-22T12:17:53.848Z", "avatar": "", "age": null, "activation_key": "", "activation_key_expires": "2021-01-19T06:41:47.451Z", "groups": [], "user_permissions": []}}, {"model": "authapp.user", "pk": 17, "fields": {"password": "pbkdf2_sha256$216000$hqmxAk2anPAP$rBoN/Wmsse2RqpdyAZOXPg+UYOhju3YRpA6qlUr13mI=", "last_login": null, "is_superuser": false, "username": "Pupkin10", "first_name": "\u0412\u0430\u0441\u044f10", "last_name": "\u041f\u0443\u043f\u043a\u0438\u043d10", "email": "Pupkin10@mail.ru", "is_staff": false, "is_active": true, "date_joined": "2021-01-22T12:27:33.392Z", "avatar": "", "age": null, "activation_key": "", "activation_key_expires": "2021-01-19T06:41:47.451Z", "groups": [], "user_permissions": []}}, {"model": "authapp.user", "pk": 18, "fields": {"password": "pbkdf2_sha256$216000$fT9Vw0Tc4rPk$eV4V8ltNCmZco2G56GxqKvoT31M4FtCKJ65hvx14N3A=", "last_login": null, "is_superuser": false, "username": "Pupkin11", "first_name": "\u0412\u0430\u0441\u044f11", "last_name": "\u041f\u0443\u043f\u043a\u0438\u043d11", "email": "Pupkin11@mail.ru", "is_staff": false, "is_active": true, "date_joined": "2021-01-22T12:28:48.141Z", "avatar": "", "age": null, "activation_key": "", "activation_key_expires": "2021-01-19T06:41:47.451Z", "groups": [], "user_permissions": []}}, {"model": "authapp.user", "pk": 19, "fields": {"password": "pbkdf2_sha256$216000$GH0qrLBBKEvO$2pyAeOmyc5ploJtdxPce7/puqoHpLUfyfWhLUq6QJAc=", "last_login": "2021-01-22T13:00:29.812Z", "is_superuser": false, "username": "Pupkin12", "first_name": "\u0412\u0430\u0441\u044f12", "last_name": "\u041f\u0443\u043f\u043a\u0438\u043d12", "email": "Pupkin12@mail.ru", "is_staff": false, "is_active": true, "date_joined": "2021-01-22T13:00:16.522Z", "avatar": "", "age": null, "activation_key": "", "activation_key_expires": "2021-01-19T06:41:47.451Z", "groups": [], "user_permissions": []}}, {"model": "authapp.user", "pk": 20, "fields": {"password": "pbkdf2_sha256$216000$96EELih5DK2I$crNndCswCgaBy0Wd3meqskU/zt0v6uFIU/nX2XW6yjk=", "last_login": null, "is_superuser": false, "username": "Pupkin13", "first_name": "\u0412\u0430\u0441\u044f13", "last_name": "\u041f\u0443\u043f\u043a\u0438\u043d13", "email": "Pupkin13@mail.ru", "is_staff": false, "is_active": true, "date_joined": "2021-01-22T13:09:34.000Z", "avatar": "", "age": null, "activation_key": "", "activation_key_expires": "2021-01-19T06:41:47.451Z", "groups": [], "user_permissions": []}}, {"model": "authapp.user", "pk": 21, "fields": {"password": "pbkdf2_sha256$216000$y8DMdlJkzVBe$Wo2rWhYKUXcX1LEhMdC+7U0W3NtPn60FScmsi2QLAJA=", "last_login": null, "is_superuser": false, "username": "Pupkin14", "first_name": "\u0412\u0430\u0441\u044f14", "last_name": "\u041f\u0443\u043f\u043a\u0438\u043d14", "email": "Pupkin14@mail.ru", "is_staff": false, "is_active": true, "date_joined": "2021-01-22T13:16:25.635Z", "avatar": "", "age": null, "activation_key": "", "activation_key_expires": "2021-01-19T06:41:47.451Z", "groups": [], "user_permissions": []}}, {"model": "authapp.user", "pk": 22, "fields": {"password": "pbkdf2_sha256$216000$p45rHxCxGCus$psJqZTGvsUHDmhpkHDffe3bvJre8l4fwDfCK1cPGenE=", "last_login": null, "is_superuser": false, "username": "Pupkin15", "first_name": "\u0412\u0430\u0441\u044f15", "last_name": "\u041f\u0443\u043f\u043a\u0438\u043d15", "email": "Pupkin15@mail.ru", "is_staff": false, "is_active": true, "date_joined": "2021-01-22T13:22:31.053Z", "avatar": "", "age": null, "activation_key": "", "activation_key_expires": "2021-01-19T06:41:47.451Z", "groups": [], "user_permissions": []}}, {"model": "authapp.user", "pk": 23, "fields": {"password": "pbkdf2_sha256$216000$87e7gfHiSIgl$wCWaFq4ASd6e5yQDOuUxGVmewo4aU2sq0RWNoeVTwjg=", "last_login": null, "is_superuser": false, "username": "Pupkin16", "first_name": "\u0412\u0430\u0441\u044f16", "last_name": "\u041f\u0443\u043f\u043a\u0438\u043d16", "email": "Pupkin16@mail.ru", "is_staff": false, "is_active": true, "date_joined": "2021-01-22T13:26:22.361Z", "avatar": "", "age": null, "activation_key": "", "activation_key_expires": "2021-01-19T06:41:47.451Z", "groups": [], "user_permissions": []}}, {"model": "authapp.user", "pk": 24, "fields": {"password": "pbkdf2_sha256$216000$0MhkzgcVqL1E$VCMjCJBRlRKRw7bR87mF5ToCZ2JVUcO5bLNbySxB9so=", "last_login": "2021-01-22T13:54:47.552Z", "is_superuser": false, "username": "Pupkin17", "first_name": "\u0412\u0430\u0441\u044f17", "last_name": "\u041f\u0443\u043f\u043a\u0438\u043d17", "email": "Pupkin17@mail.ru", "is_staff": false, "is_active": true, "date_joined": "2021-01-22T13:27:35.882Z", "avatar": "", "age": null, "activation_key": "", "activation_key_expires": "2021-01-19T06:41:47.451Z", "groups": [], "user_permissions": []}}, {"model": "authapp.user", "pk": 25, "fields": {"password": "pbkdf2_sha256$216000$8XTH2JrUF2g9$yKQHlFev/v7ZkbRls8r3RtwYJe6OrPAfFC8YVoVwKMQ=", "last_login": "2021-01-25T11:27:40.417Z", "is_superuser": false, "username": "Pupkin18", "first_name": "\u0412\u0430\u0441\u044f18", "last_name": "\u041f\u0443\u043f\u043a\u0438\u043d18", "email": "Pupkin19@mail.ru", "is_staff": false, "is_active": true, "date_joined": "2021-01-22T13:47:16.630Z", "avatar": "", "age": null, "activation_key": "", "activation_key_expires": "2021-01-19T06:41:47.451Z", "groups": [], "user_permissions": []}}, {"model": "authapp.user", "pk": 26, "fields": {"password": "pbkdf2_sha256$216000$3hDEWHwUc6pm$+ttzQNl/fgOlxS6VRTUbsCc9w9oaNm3xs99RG2FmIDs=", "last_login": null, "is_superuser": false, "username": "Pupkin19", "first_name": "\u0412\u0430\u0441\u044f19", "last_name": "\u041f\u0443\u043f\u043a\u0438\u043d19", "email": "Pupkin19@mail.ru", "is_staff": false, "is_active": true, "date_joined": "2021-01-22T14:22:30.805Z", "avatar": "", "age": null, "activation_key": "", "activation_key_expires": "2021-01-19T06:41:47.451Z", "groups": [], "user_permissions": []}}, {"model": "authapp.user", "pk": 27, "fields": {"password": "pbkdf2_sha256$216000$wOO8T7o2mCfO$kKGKRqhzIky2z0oyNQT2mDLq+hExD/51UtB0SDtPzvA=", "last_login": "2021-01-22T14:34:36.205Z", "is_superuser": false, "username": "Pupkin20", "first_name": "\u0412\u0430\u0441\u044f20", "last_name": "\u041f\u0443\u043f\u043a\u0438\u043d20", "email": "Pupkin20@mail.ru", "is_staff": false, "is_active": true, "date_joined": "2021-01-22T14:23:54.225Z", "avatar": "", "age": null, "activation_key": "", "activation_key_expires": "2021-01-19T06:41:47.451Z", "groups": [], "user_permissions": []}}, {"model": "authapp.user", "pk": 28, "fields": {"password": "pbkdf2_sha256$216000$mcl1sqXI24hB$KZ8VZ5E4gbhR1dXGI/bREMcxkEeH0h0yGGrrPrKtGf0=", "last_login": null, "is_superuser": false, "username": "Pupkin21", "first_name": "\u0412\u0430\u0441\u044f21", "last_name": "\u041f\u0443\u043f\u043a\u0438\u043d21", "email": "Pupkin21@mail.ru", "is_staff": false, "is_active": true, "date_joined": "2021-01-22T14:35:09.196Z", "avatar": "", "age": null, "activation_key": "", "activation_key_expires": "2021-01-19T06:41:47.451Z", "groups": [], "user_permissions": []}}, {"model": "authapp.user", "pk": 29, "fields": {"password": "pbkdf2_sha256$216000$IJtm0p3z71Ph$l4F0grbr0y61jIjB6yQs6U0TYkygKNxe4//1g1wadoM=", "last_login": "2021-01-22T14:37:36.914Z", "is_superuser": false, "username": "Pupkin22", "first_name": "\u0412\u0430\u0441\u044f22", "last_name": "\u041f\u0443\u043f\u043a\u0438\u043d22", "email": "Pupkin22@mail.ru", "is_staff": false, "is_active": true, "date_joined": "2021-01-22T14:36:39.166Z", "avatar": "", "age": null, "activation_key": "", "activation_key_expires": "2021-01-19T06:41:47.451Z", "groups": [], "user_permissions": []}}, {"model": "authapp.user", "pk": 30, "fields": {"password": "pbkdf2_sha256$216000$9Ob6SOZZEhSF$6vb2CDPMkwEhw21FU/imWmFMuA143lFCMkv6h3ICFs0=", "last_login": "2021-01-26T06:37:58.525Z", "is_superuser": false, "username": "Pupkin23", "first_name": "\u0412\u0430\u0441\u044f23", "last_name": "\u041f\u0443\u043f\u043a\u0438\u043d23", "email": "Pupkin23@mail.ru", "is_staff": false, "is_active": true, "date_joined": "2021-01-22T14:43:53.865Z", "avatar": "", "age": null, "activation_key": "", "activation_key_expires": "2021-01-19T06:41:47.451Z", "groups": [], "user_permissions": []}}, {"model": "authapp.user", "pk": 31, "fields": {"password": "pbkdf2_sha256$216000$BYWU6oBWxmBy$YPTli561Xo/qgs7Vd1SrX/DL1cwmp3bQYYeW8Jxgrr0=", "last_login": "2021-01-25T13:01:04.813Z", "is_superuser": false, "username": "Pupkin25", "first_name": "\u0412\u0430\u0441\u044f25", "last_name": "\u041f\u0443\u043f\u043a\u0438\u043d25", "email": "Pupkin25@mail.ru", "is_staff": false, "is_active": true, "date_joined": "2021-01-25T11:28:44.228Z", "avatar": "", "age": null, "activation_key": "", "activation_key_expires": "2021-01-19T06:41:47.451Z", "groups": [], "user_permissions": []}}, {"model": "authapp.user", "pk": 32, "fields": {"password": "!QSplTHRWsHcTMQSnEWRhx7PDH0rKX7sJFWP2A5im", "last_login": "2021-02-13T22:31:10.186Z", "is_superuser": false, "username": "m.ivaev", "first_name": "\u041c\u0430\u0436\u0438\u0442", "last_name": "\u0418\u0432\u0430\u0435\u0432", "email": "", "is_staff": false, "is_active": true, "date_joined": "2021-01-26T05:50:09.380Z", "avatar": "users_avatars/IMG_8181_\u041f\u0430\u0441\u043f\u043e\u0440\u0442_\u0420\u0424.jpg", "age": 18, "activation_key": "", "activation_key_expires": "2021-01-28T05:49:59.690Z", "groups": [], "user_permissions": []}}, {"model": "authapp.user", "pk": 33, "fields": {"password": "pbkdf2_sha256$216000$wLiA01g4AVWt$IAd+QECvAzDAzlSSukzqi6HHlMgMa1AiCGX+19CJPKQ=", "last_login": null, "is_superuser": false, "username": "Pupkin26", "first_name": "\u0412\u0430\u0441\u044f26", "last_name": "\u041f\u0443\u043f\u043a\u0438\u043d26", "email": "Pupkin26@mail.ru", "is_staff": false, "is_active": true, "date_joined": "2021-01-26T05:52:28.229Z", "avatar": "", "age": 18, "activation_key": "cfd936c9064e612ecc4b0202b3908f5a253b2b2e", "activation_key_expires": "2021-01-28T05:52:09.581Z", "groups": [], "user_permissions": []}}, {"model": "authapp.user", "pk": 34, "fields": {"password": "pbkdf2_sha256$216000$jxCRTFYvUqLS$jVwRwcz+dDfxQlIIlKcecKzmL7kjQWwYShaMRyVOrZg=", "last_login": "2021-01-28T10:18:40.005Z", "is_superuser": false, "username": "Pupkin27", "first_name": "\u0412\u0430\u0441\u044f27", "last_name": "\u041f\u0443\u043f\u043a\u0438\u043d27", "email": "Pupkin27@mail.ru", "is_staff": false, "is_active": true, "date_joined": "2021-01-26T06:36:16.304Z", "avatar": "", "age": 18, "activation_key": "d340ab7839d86c763463ba2327e3de9184e10ea3", "activation_key_expires": "2021-01-28T06:35:11.511Z", "groups": [], "user_permissions": []}}, {"model": "authapp.user", "pk": 35, "fields": {"password": "pbkdf2_sha256$216000$1hJSkdaMKezL$hFylDf7P+xOkOz8osMbNMbhQOcSRdz1XbudVuvml2WE=", "last_login": "2021-01-26T06:40:18.296Z", "is_superuser": false, "username": "Pupkin28", "first_name": "\u0412\u0430\u0441\u044f28", "last_name": "\u041f\u0443\u043f\u043a\u0438\u043d28", "email": "Pupkin28@mail.ru", "is_staff": false, "is_active": true, "date_joined": "2021-01-26T06:39:18.141Z", "avatar": "", "age": 18, "activation_key": "ef6a1b43e1ab6b41ea5c80e5772442be16b1602e", "activation_key_expires": "2021-01-28T06:35:11.511Z", "groups": [], "user_permissions": []}}, {"model": "authapp.user", "pk": 36, "fields": {"password": "pbkdf2_sha256$216000$nlEXrqDvblys$+vWgQKe0g3t2ZlSD4rsfHnYWFl9A2Chc/QVQ1yfyk2Y=", "last_login": null, "is_superuser": false, "username": "Pupkin29", "first_name": "\u0412\u0430\u0441\u044f29", "last_name": "\u041f\u0443\u043f\u043a\u0438\u043d29", "email": "Pupkin29@mail.ru", "is_staff": false, "is_active": true, "date_joined": "2021-01-27T11:41:08.160Z", "avatar": "", "age": 18, "activation_key": "a1dfadc250b07c58cbc2fd6c41f04c2d3db47209", "activation_key_expires": "2021-01-29T11:32:18.563Z", "groups": [], "user_permissions": []}}, {"model": "authapp.user", "pk": 37, "fields": {"password": "pbkdf2_sha256$216000$jMh0Fc1p7fks$beIbMVWzgcFjlAh7AjIaJutUvVtP4ZV//NxTCmHpDgQ=", "last_login": null, "is_superuser": false, "username": "Pupkin30", "first_name": "\u0412\u0430\u0441\u044f30", "last_name": "\u041f\u0443\u043f\u043a\u0438\u043d30", "email": "Pupkin30@mail.ru", "is_staff": false, "is_active": true, "date_joined": "2021-01-27T11:45:18.486Z", "avatar": "", "age": 18, "activation_key": "3d5222955233ae2a4fc55e49f1d3dc1e92c4c90f", "activation_key_expires": "2021-01-29T11:32:18.563Z", "groups": [], "user_permissions": []}}, {"model": "authapp.user", "pk": 38, "fields": {"password": "pbkdf2_sha256$216000$VWkrZ0WEuDN5$2p0WG8LgkzZZLHy6Mw9V3C54GSiH23m3NlOS2aDwR3s=", "last_login": null, "is_superuser": false, "username": "Pupkin31", "first_name": "\u0412\u0430\u0441\u044f31", "last_name": "\u041f\u0443\u043f\u043a\u0438\u043d31", "email": "Pupkin31@mail.ru", "is_staff": false, "is_active": true, "date_joined": "2021-01-27T12:06:53.282Z", "avatar": "", "age": 18, "activation_key": "c56b9cafd6a02e0657b9385beb33ff1852cdf472", "activation_key_expires": "2021-01-29T12:05:58.903Z", "groups": [], "user_permissions": []}}, {"model": "authapp.user", "pk": 39, "fields": {"password": "pbkdf2_sha256$216000$Lnt39l4v9BXR$9rROyNx0q6WyBfrj+VQjk+PUGdXhr78/1UvndDQViw8=", "last_login": null, "is_superuser": false, "username": "vip", "first_name": "vip", "last_name": "vip", "email": "vip@vip.com", "is_staff": false, "is_active": true, "date_joined": "2021-01-27T12:09:53.863Z", "avatar": "", "age": 18, "activation_key": "6caa254743752ead8a5e4b4b19ff0c619a5cf326", "activation_key_expires": "2021-01-29T12:05:58.903Z", "groups": [], "user_permissions": []}}, {"model": "authapp.user", "pk": 40, "fields": {"password": "pbkdf2_sha256$216000$eDZojsmEliod$FXgG1uknQsn/i25PGbst/ty+NzD5rNwxlnE4dmn0CxA=", "last_login": null, "is_superuser": false, "username": "vip1", "first_name": "vip1", "last_name": "vip1", "email": "vip1@vip.com", "is_staff": false, "is_active": true, "date_joined": "2021-01-27T12:14:41.943Z", "avatar": "", "age": 18, "activation_key": "31b5102caa2883677f4db46ffbcd52b194b20897", "activation_key_expires": "2021-01-29T12:12:56.471Z", "groups": [], "user_permissions": []}}, {"model": "authapp.user", "pk": 41, "fields": {"password": "pbkdf2_sha256$216000$E3hZuHezDx1a$0BXseiovozIwDq44n5QYKoGAli7qVC7YDM0s3qHxe+8=", "last_login": null, "is_superuser": false, "username": "vip2", "first_name": "vip2", "last_name": "vip2", "email": "vip2@vip.com", "is_staff": false, "is_active": true, "date_joined": "2021-01-27T12:58:26.679Z", "avatar": "", "age": 18, "activation_key": "4022c3a11e1aacf14131b48fd7d176ff0b72b7ea", "activation_key_expires": "2021-01-29T12:51:36.256Z", "groups": [], "user_permissions": []}}, {"model": "authapp.user", "pk": 42, "fields": {"password": "pbkdf2_sha256$216000$0NY8fWW31hQU$pyipAQY6LGCflwM7r8tKVvFhvbLa3DExu38T7tZfP8w=", "last_login": null, "is_superuser": false, "username": "vip3", "first_name": "vip3", "last_name": "vip3", "email": "vip3@vip.com", "is_staff": false, "is_active": true, "date_joined": "2021-01-27T13:25:58.940Z", "avatar": "", "age": 18, "activation_key": "e629c47398fb6e650a025108fc98318db108e841", "activation_key_expires": "2021-01-29T13:24:57.336Z", "groups": [], "user_permissions": []}}, {"model": "authapp.user", "pk": 43, "fields": {"password": "pbkdf2_sha256$216000$uJqgjPVdxkbJ$dKWQ/kl+hjnoOqJZNMLLhL/hfjux/6DFEhV4v3MkJCc=", "last_login": "2021-01-27T13:40:40.168Z", "is_superuser": false, "username": "vip4", "first_name": "vip4", "last_name": "vip4", "email": "vip4@vip4.com", "is_staff": false, "is_active": true, "date_joined": "2021-01-27T13:30:59.449Z", "avatar": "", "age": 18, "activation_key": "f97cbf055489c8147a8afde62933b5a431f08775", "activation_key_expires": "2021-01-29T13:30:10.161Z", "groups": [], "user_permissions": []}}, {"model": "authapp.user", "pk": 44, "fields": {"password": "pbkdf2_sha256$216000$ocs0d7Id9DqT$YawX7gVNGeaZ5GUW0/QtFsu3CBppcH9CVNaowEeq0Qw=", "last_login": null, "is_superuser": false, "username": "vip5", "first_name": "vip5", "last_name": "vip5", "email": "vip5@vip5.com", "is_staff": false, "is_active": true, "date_joined": "2021-01-27T13:53:57.148Z", "avatar": "", "age": 18, "activation_key": "811686e5f5f67afa75f1c380269674a4aa3f82eb", "activation_key_expires": "2021-01-29T13:53:13.571Z", "groups": [], "user_permissions": []}}, {"model": "authapp.user", "pk": 45, "fields": {"password": "pbkdf2_sha256$216000$6GuXqeff2hnj$lS/6hwPh9a+1CeTr22D2M/QSMWmli5LHqxffiVaHRyQ=", "last_login": "2021-01-27T13:58:37.387Z", "is_superuser": false, "username": "vip6", "first_name": "vip6", "last_name": "vip6", "email": "vip6@vip6.com", "is_staff": false, "is_active": true, "date_joined": "2021-01-27T13:58:22.660Z", "avatar": "", "age": 18, "activation_key": "1c86d14348a231db866aba035dcf94b38d6dc12e", "activation_key_expires": "2021-01-29T13:57:46.780Z", "groups": [], "user_permissions": []}}, {"model": "authapp.user", "pk": 46, "fields": {"password": "pbkdf2_sha256$216000$Tbj2LyTREAg6$mpg6Q/CBrF8nYdo63OldhD8r+nbi7yOCLSzAWRqZpFw=", "last_login": null, "is_superuser": false, "username": "vip7", "first_name": "vip7", "last_name": "vip7", "email": "vip7@vip7.com", "is_staff": false, "is_active": true, "date_joined": "2021-01-27T14:02:43.009Z", "avatar": "", "age": 18, "activation_key": "25122fc48df67571fce2aa17664dafd6fdb0190c", "activation_key_expires": "2021-01-29T14:02:03.761Z", "groups": [], "user_permissions": []}}, {"model": "authapp.user", "pk": 47, "fields": {"password": "pbkdf2_sha256$216000$47EEVcnYQwLr$g2Dzs1mC8O5IOD5iUV+jv88tvmh9o5KNwNN+mq7rfqU=", "last_login": "2021-01-27T14:04:59.387Z", "is_superuser": false, "username": "vip8", "first_name": "vip8", "last_name": "vip8", "email": "vip8@vip8.com", "is_staff": false, "is_active": true, "date_joined": "2021-01-27T14:04:30.032Z", "avatar": "", "age": 18, "activation_key": "6d30806145b68d415d702577ee364823699adc69", "activation_key_expires": "2021-01-29T14:02:03.761Z", "groups": [], "user_permissions": []}}, {"model": "authapp.user", "pk": 48, "fields": {"password": "pbkdf2_sha256$216000$uO6jMDuUwqsD$6u+ZwhbU/DNGWxfY6x77GxQ+kqKz4kI/czxump06R9E=", "last_login": "2021-01-27T14:08:13.107Z", "is_superuser": false, "username": "vip9", "first_name": "vip9", "last_name": "vip912312", "email": "vip9@mail.ru", "is_staff": false, "is_active": true, "date_joined": "2021-01-27T14:07:56.126Z", "avatar": "", "age": 18, "activation_key": "8f5351454f8d58e39f98ae70a5217696b6154c24", "activation_key_expires": "2021-01-29T14:07:10.932Z", "groups": [], "user_permissions": []}}, {"model": "authapp.userprofile", "pk": 1, "fields": {"user": 1, "tagline": "", "aboutME": "", "gender": ""}}, {"model": "authapp.userprofile", "pk": 2, "fields": {"user": 2, "tagline": "", "aboutME": "", "gender": ""}}, {"model": "authapp.userprofile", "pk": 3, "fields": {"user": 3, "tagline": "", "aboutME": "", "gender": ""}}, {"model": "authapp.userprofile", "pk": 4, "fields": {"user": 4, "tagline": "", "aboutME": "", "gender": ""}}, {"model": "authapp.userprofile", "pk": 5, "fields": {"user": 5, "tagline": "", "aboutME": "", "gender": ""}}, {"model": "authapp.userprofile", "pk": 6, "fields": {"user": 6, "tagline": "", "aboutME": "", "gender": ""}}, {"model": "authapp.userprofile", "pk": 7, "fields": {"user": 7, "tagline": "", "aboutME": "", "gender": ""}}, {"model": "authapp.userprofile", "pk": 8, "fields": {"user": 8, "tagline": "", "aboutME": "", "gender": ""}}, {"model": "authapp.userprofile", "pk": 9, "fields": {"user": 9, "tagline": "", "aboutME": "", "gender": ""}}, {"model": "authapp.userprofile", "pk": 10, "fields": {"user": 10, "tagline": "", "aboutME": "", "gender": ""}}, {"model": "authapp.userprofile", "pk": 11, "fields": {"user": 11, "tagline": "", "aboutME": "", "gender": ""}}, {"model": "authapp.userprofile", "pk": 12, "fields": {"user": 12, "tagline": "", "aboutME": "", "gender": ""}}, {"model": "authapp.userprofile", "pk": 13, "fields": {"user": 13, "tagline": "", "aboutME": "", "gender": ""}}, {"model": "authapp.userprofile", "pk": 14, "fields": {"user": 14, "tagline": "", "aboutME": "", "gender": ""}}, {"model": "authapp.userprofile", "pk": 15, "fields": {"user": 15, "tagline": "", "aboutME": "", "gender": ""}}, {"model": "authapp.userprofile", "pk": 16, "fields": {"user": 16, "tagline": "", "aboutME": "", "gender": ""}}, {"model": "authapp.userprofile", "pk": 17, "fields": {"user": 17, "tagline": "", "aboutME": "", "gender": ""}}, {"model": "authapp.userprofile", "pk": 18, "fields": {"user": 18, "tagline": "", "aboutME": "", "gender": ""}}, {"model": "authapp.userprofile", "pk": 19, "fields": {"user": 19, "tagline": "", "aboutME": "", "gender": ""}}, {"model": "authapp.userprofile", "pk": 20, "fields": {"user": 20, "tagline": "", "aboutME": "", "gender": ""}}, {"model": "authapp.userprofile", "pk": 21, "fields": {"user": 21, "tagline": "", "aboutME": "", "gender": ""}}, {"model": "authapp.userprofile", "pk": 22, "fields": {"user": 22, "tagline": "", "aboutME": "", "gender": ""}}, {"model": "authapp.userprofile", "pk": 23, "fields": {"user": 23, "tagline": "", "aboutME": "", "gender": ""}}, {"model": "authapp.userprofile", "pk": 24, "fields": {"user": 24, "tagline": "", "aboutME": "", "gender": ""}}, {"model": "authapp.userprofile", "pk": 25, "fields": {"user": 25, "tagline": "", "aboutME": "", "gender": ""}}, {"model": "authapp.userprofile", "pk": 26, "fields": {"user": 26, "tagline": "", "aboutME": "", "gender": ""}}, {"model": "authapp.userprofile", "pk": 27, "fields": {"user": 27, "tagline": "", "aboutME": "", "gender": ""}}, {"model": "authapp.userprofile", "pk": 28, "fields": {"user": 28, "tagline": "", "aboutME": "", "gender": ""}}, {"model": "authapp.userprofile", "pk": 29, "fields": {"user": 29, "tagline": "", "aboutME": "", "gender": ""}}, {"model": "authapp.userprofile", "pk": 30, "fields": {"user": 30, "tagline": "", "aboutME": "", "gender": ""}}, {"model": "authapp.userprofile", "pk": 31, "fields": {"user": 31, "tagline": "", "aboutME": "", "gender": ""}}, {"model": "authapp.userprofile", "pk": 32, "fields": {"user": 32, "tagline": "\u041a\u0440\u0430\u0441\u0430\u0432\u0447\u0438\u043a", "aboutME": "\u041c\u0443\u0436\u0447\u0438\u043d\u0430 \u0432 \u0440\u0430\u0441\u0446\u0432\u0435\u0442\u0435 \u0441\u0438\u043b", "gender": "M"}}, {"model": "authapp.userprofile", "pk": 33, "fields": {"user": 33, "tagline": "", "aboutME": "", "gender": ""}}, {"model": "authapp.userprofile", "pk": 34, "fields": {"user": 34, "tagline": "", "aboutME": "", "gender": ""}}, {"model": "authapp.userprofile", "pk": 35, "fields": {"user": 35, "tagline": "", "aboutME": "", "gender": ""}}, {"model": "authapp.userprofile", "pk": 36, "fields": {"user": 36, "tagline": "", "aboutME": "", "gender": ""}}, {"model": "authapp.userprofile", "pk": 37, "fields": {"user": 37, "tagline": "", "aboutME": "", "gender": ""}}, {"model": "authapp.userprofile", "pk": 38, "fields": {"user": 38, "tagline": "", "aboutME": "", "gender": ""}}, {"model": "authapp.userprofile", "pk": 39, "fields": {"user": 39, "tagline": "", "aboutME": "", "gender": ""}}, {"model": "authapp.userprofile", "pk": 40, "fields": {"user": 40, "tagline": "", "aboutME": "", "gender": ""}}, {"model": "authapp.userprofile", "pk": 41, "fields": {"user": 41, "tagline": "", "aboutME": "", "gender": ""}}, {"model": "authapp.userprofile", "pk": 42, "fields": {"user": 42, "tagline": "", "aboutME": "", "gender": ""}}, {"model": "authapp.userprofile", "pk": 43, "fields": {"user": 43, "tagline": "", "aboutME": "", "gender": ""}}, {"model": "authapp.userprofile", "pk": 44, "fields": {"user": 44, "tagline": "", "aboutME": "", "gender": ""}}, {"model": "authapp.userprofile", "pk": 45, "fields": {"user": 45, "tagline": "", "aboutME": "", "gender": ""}}, {"model": "authapp.userprofile", "pk": 46, "fields": {"user": 46, "tagline": "", "aboutME": "", "gender": ""}}, {"model": "authapp.userprofile", "pk": 47, "fields": {"user": 47, "tagline": "", "aboutME": "", "gender": ""}}, {"model": "authapp.userprofile", "pk": 48, "fields": {"user": 48, "tagline": "", "aboutME": "", "gender": ""}}, {"model": "basketapp.basket", "pk": 3, "fields": {"user": 1, "product": 3, "quantity": 1, "created_timestamp": "2021-01-14T07:20:56.607Z"}}, {"model": "basketapp.basket", "pk": 4, "fields": {"user": 27, "product": 1, "quantity": 1, "created_timestamp": "2021-01-22T14:24:44.914Z"}}, {"model": "basketapp.basket", "pk": 5, "fields": {"user": 27, "product": 4, "quantity": 1, "created_timestamp": "2021-01-22T14:24:48.200Z"}}, {"model": "basketapp.basket", "pk": 6, "fields": {"user": 30, "product": 3, "quantity": 1, "created_timestamp": "2021-01-22T15:08:56.607Z"}}, {"model": "basketapp.basket", "pk": 7, "fields": {"user": 30, "product": 5, "quantity": 1, "created_timestamp": "2021-01-22T15:09:01.364Z"}}, {"model": "social_django.usersocialauth", "pk": 1, "fields": {"user": 32, "provider": "vk-oauth2", "uid": "494839824", "extra_data": "{\"auth_time\": 1613255470, \"id\": 494839824, \"expires\": 86400, \"access_token\": \"e766779a9390a7cb69ded361faa2813542bb9003ca5076e1c6b0ff53181fe5a939c91224f9209d0c7d26f\", \"token_type\": null}", "created": "2021-01-26T05:50:09.454Z", "modified": "2021-02-13T22:31:10.168Z"}}, {"model": "ordersapp.order", "pk": 1, "fields": {"user": 32, "created": "2021-02-03T13:35:00.788Z", "updated": "2021-02-08T08:27:48.864Z", "status": "FM", "is_active": false}}, {"model": "ordersapp.order", "pk": 2, "fields": {"user": 32, "created": "2021-02-04T04:34:30.748Z", "updated": "2021-02-08T09:31:00.709Z", "status": "FM", "is_active": false}}, {"model": "ordersapp.order", "pk": 3, "fields": {"user": 32, "created": "2021-02-06T14:30:00.742Z", "updated": "2021-02-08T09:31:05.680Z", "status": "FM", "is_active": false}}, {"model": "ordersapp.order", "pk": 4, "fields": {"user": 32, "created": "2021-02-06T16:49:05.520Z", "updated": "2021-02-08T09:31:08.163Z", "status": "FM", "is_active": false}}, {"model": "ordersapp.order", "pk": 5, "fields": {"user": 32, "created": "2021-02-06T17:28:02.330Z", "updated": "2021-02-08T09:32:01.218Z", "status": "FM", "is_active": false}}, {"model": "ordersapp.order", "pk": 6, "fields": {"user": 32, "created": "2021-02-06T17:28:30.377Z", "updated": "2021-02-08T09:32:03.160Z", "status": "FM", "is_active": false}}, {"model": "ordersapp.order", "pk": 7, "fields": {"user": 32, "created": "2021-02-06T19:05:47.608Z", "updated": "2021-02-08T09:32:05.547Z", "status": "FM", "is_active": false}}, {"model": "ordersapp.order", "pk": 8, "fields": {"user": 32, "created": "2021-02-06T19:08:22.656Z", "updated": "2021-02-08T09:32:07.648Z", "status": "FM", "is_active": false}}, {"model": "ordersapp.order", "pk": 9, "fields": {"user": 32, "created": "2021-02-06T19:09:02.269Z", "updated": "2021-02-08T09:32:10.219Z", "status": "FM", "is_active": false}}, {"model": "ordersapp.order", "pk": 10, "fields": {"user": 32, "created": "2021-02-08T05:04:51.245Z", "updated": "2021-02-08T09:32:14.238Z", "status": "FM", "is_active": false}}, {"model": "ordersapp.order", "pk": 11, "fields": {"user": 32, "created": "2021-02-08T05:06:21.081Z", "updated": "2021-02-08T09:32:17.285Z", "status": "FM", "is_active": false}}, {"model": "ordersapp.order", "pk": 12, "fields": {"user": 32, "created": "2021-02-08T05:15:20.892Z", "updated": "2021-02-08T09:32:19.410Z", "status": "FM", "is_active": false}}, {"model": "ordersapp.order", "pk": 13, "fields": {"user": 32, "created": "2021-02-08T07:51:12.860Z", "updated": "2021-02-08T09:32:21.809Z", "status": "FM", "is_active": false}}, {"model": "ordersapp.order", "pk": 14, "fields": {"user": 32, "created": "2021-02-08T07:56:39.527Z", "updated": "2021-02-08T09:32:26.875Z", "status": "FM", "is_active": false}}, {"model": "ordersapp.order", "pk": 15, "fields": {"user": 32, "created": "2021-02-08T08:12:05.299Z", "updated": "2021-02-08T11:05:19.286Z", "status": "STP", "is_active": true}}, {"model": "ordersapp.order", "pk": 16, "fields": {"user": 32, "created": "2021-02-08T11:45:51.830Z", "updated": "2021-02-08T11:46:26.674Z", "status": "STP", "is_active": true}}, {"model": "ordersapp.order", "pk": 17, "fields": {"user": 32, "created": "2021-02-08T12:56:55.959Z", "updated": "2021-02-08T12:56:56.017Z", "status": "FM", "is_active": false}}, {"model": "ordersapp.order", "pk": 18, "fields": {"user": 32, "created": "2021-02-08T12:57:35.812Z", "updated": "2021-02-09T10:19:35.226Z", "status": "STP", "is_active": true}}, {"model": "ordersapp.order", "pk": 19, "fields": {"user": 32, "created": "2021-02-09T13:14:53.710Z", "updated": "2021-02-12T13:04:42.317Z", "status": "FM", "is_active": true}}, {"model": "ordersapp.order", "pk": 20, "fields": {"user": 32, "created": "2021-02-09T14:03:10.941Z", "updated": "2021-02-13T22:31:25.610Z", "status": "FM", "is_active": true}}, {"model": "admin.logentry", "pk": 1, "fields": {"action_time": "2020-12-19T20:11:28.226Z", "user": 1, "content_type": 6, "object_id": "1", "object_repr": "ProductCategory object (1)", "action_flag": 1, "change_message": "[{\"added\": {}}]"}}, {"model": "admin.logentry", "pk": 2, "fields": {"action_time": "2020-12-19T20:12:14.029Z", "user": 1, "content_type": 6, "object_id": "2", "object_repr": "ProductCategory object (2)", "action_flag": 1, "change_message": "[{\"added\": {}}]"}}, {"model": "admin.logentry", "pk": 3, "fields": {"action_time": "2020-12-19T20:14:10.543Z", "user": 1, "content_type": 7, "object_id": "1", "object_repr": "\u0427\u0435\u0440\u043d\u044b\u0435 \u0442\u0443\u0444\u043b\u0438 \u043d\u0430 \u043f\u043b\u0430\u0442\u0444\u043e\u0440\u043c\u0435 \u0441 3 \u043f\u0430\u0440\u0430\u043c\u0438 \u043b\u044e\u0432\u0435\u0440\u0441\u043e\u0432 Dr Martens 1461 Bex (\u041e\u0431\u0443\u0432\u044c)", "action_flag": 1, "change_message": "[{\"added\": {}}]"}}, {"model": "admin.logentry", "pk": 4, "fields": {"action_time": "2020-12-19T20:16:38.813Z", "user": 1, "content_type": 7, "object_id": "2", "object_repr": "\u0425\u0443\u0434\u0438 \u0447\u0435\u0440\u043d\u043e\u0433\u043e \u0446\u0432\u0435\u0442\u0430 \u0441 \u043c\u043e\u043d\u043e\u0433\u0440\u0430\u043c\u043c\u0430\u043c\u0438 adidas Originals (\u041e\u0434\u0435\u0436\u0434\u0430)", "action_flag": 1, "change_message": "[{\"added\": {}}]"}}, {"model": "admin.logentry", "pk": 5, "fields": {"action_time": "2020-12-19T20:16:45.673Z", "user": 1, "content_type": 7, "object_id": "1", "object_repr": "\u0427\u0435\u0440\u043d\u044b\u0435 \u0442\u0443\u0444\u043b\u0438 \u043d\u0430 \u043f\u043b\u0430\u0442\u0444\u043e\u0440\u043c\u0435 \u0441 3 \u043f\u0430\u0440\u0430\u043c\u0438 \u043b\u044e\u0432\u0435\u0440\u0441\u043e\u0432 Dr Martens 1461 Bex (\u041e\u0431\u0443\u0432\u044c)", "action_flag": 2, "change_message": "[]"}}, {"model": "admin.logentry", "pk": 6, "fields": {"action_time": "2020-12-19T20:17:19.164Z", "user": 1, "content_type": 6, "object_id": "3", "object_repr": "ProductCategory object (3)", "action_flag": 1, "change_message": "[{\"added\": {}}]"}}, {"model": "admin.logentry", "pk": 7, "fields": {"action_time": "2020-12-19T20:17:49.297Z", "user": 1, "content_type": 7, "object_id": "3", "object_repr": "\u0427\u0435\u0440\u043d\u044b\u0439 \u0440\u044e\u043a\u0437\u0430\u043a Nike Heritage (\u0410\u043a\u0441\u0435\u0441\u0441\u0443\u0430\u0440\u044b)", "action_flag": 1, "change_message": "[{\"added\": {}}]"}}, {"model": "admin.logentry", "pk": 8, "fields": {"action_time": "2020-12-19T20:18:36.472Z", "user": 1, "content_type": 7, "object_id": "4", "object_repr": "\u0421\u0438\u043d\u044f\u044f \u043a\u0443\u0440\u0442\u043a\u0430 The North Face (\u041e\u0434\u0435\u0436\u0434\u0430)", "action_flag": 1, "change_message": "[{\"added\": {}}]"}}, {"model": "admin.logentry", "pk": 9, "fields": {"action_time": "2020-12-19T20:19:06.461Z", "user": 1, "content_type": 6, "object_id": "4", "object_repr": "ProductCategory object (4)", "action_flag": 1, "change_message": "[{\"added\": {}}]"}}, {"model": "admin.logentry", "pk": 10, "fields": {"action_time": "2020-12-19T20:19:34.631Z", "user": 1, "content_type": 7, "object_id": "5", "object_repr": "\u0422\u0435\u043c\u043d\u043e-\u0441\u0438\u043d\u0438\u0435 \u0448\u0438\u0440\u043e\u043a\u0438\u0435 \u0441\u0442\u0440\u043e\u0433\u0438\u0435 \u0431\u0440\u044e\u043a\u0438 ASOS DESIGN (\u0411\u0440\u044e\u043a\u0438)", "action_flag": 1, "change_message": "[{\"added\": {}}]"}}, {"model": "admin.logentry", "pk": 11, "fields": {"action_time": "2020-12-19T20:20:21.633Z", "user": 1, "content_type": 7, "object_id": "6", "object_repr": "\u041a\u043e\u0440\u0438\u0447\u043d\u0435\u0432\u044b\u0439 \u0441\u043f\u043e\u0440\u0442\u0438\u0432\u043d\u044b\u0439 oversized-\u0442\u043e\u043f ASOS DESIGN (\u041e\u0434\u0435\u0436\u0434\u0430)", "action_flag": 1, "change_message": "[{\"added\": {}}]"}}, {"model": "admin.logentry", "pk": 12, "fields": {"action_time": "2020-12-19T20:57:18.175Z", "user": 1, "content_type": 7, "object_id": "5", "object_repr": "\u0422\u0435\u043c\u043d\u043e-\u0441\u0438\u043d\u0438\u0435 \u0448\u0438\u0440\u043e\u043a\u0438\u0435 \u0441\u0442\u0440\u043e\u0433\u0438\u0435 \u0431\u0440\u044e\u043a\u0438 ASOS DESIGN (\u0411\u0440\u044e\u043a\u0438)", "action_flag": 2, "change_message": "[{\"changed\": {\"fields\": [\"image\"]}}]"}}, {"model": "admin.logentry", "pk": 13, "fields": {"action_time": "2020-12-19T20:57:28.826Z", "user": 1, "content_type": 7, "object_id": "6", "object_repr": "\u041a\u043e\u0440\u0438\u0447\u043d\u0435\u0432\u044b\u0439 \u0441\u043f\u043e\u0440\u0442\u0438\u0432\u043d\u044b\u0439 oversized-\u0442\u043e\u043f ASOS DESIGN (\u041e\u0434\u0435\u0436\u0434\u0430)", "action_flag": 2, "change_message": "[{\"changed\": {\"fields\": [\"image\"]}}]"}}, {"model": "admin.logentry", "pk": 14, "fields": {"action_time": "2020-12-23T16:44:30.898Z", "user": 8, "content_type": 8, "object_id": "1", "object_repr": "django", "action_flag": 2, "change_message": "[{\"changed\": {\"fields\": [\"avatar\"]}}]"}}, {"model": "admin.logentry", "pk": 15, "fields": {"action_time": "2020-12-23T16:44:45.336Z", "user": 8, "content_type": 8, "object_id": "8", "object_repr": "Django", "action_flag": 2, "change_message": "[{\"changed\": {\"fields\": [\"avatar\"]}}]"}}, {"model": "admin.logentry", "pk": 16, "fields": {"action_time": "2020-12-28T05:09:26.509Z", "user": 1, "content_type": 7, "object_id": "6", "object_repr": "\u041a\u043e\u0440\u0438\u0447\u043d\u0435\u0432\u044b\u0439 \u0441\u043f\u043e\u0440\u0442\u0438\u0432\u043d\u044b\u0439 oversized-\u0442\u043e\u043f ASOS DESIGN (\u041e\u0434\u0435\u0436\u0434\u0430)", "action_flag": 2, "change_message": "[{\"changed\": {\"fields\": [\"image\"]}}]"}}, {"model": "admin.logentry", "pk": 17, "fields": {"action_time": "2020-12-28T05:09:41.024Z", "user": 1, "content_type": 7, "object_id": "5", "object_repr": "\u0422\u0435\u043c\u043d\u043e-\u0441\u0438\u043d\u0438\u0435 \u0448\u0438\u0440\u043e\u043a\u0438\u0435 \u0441\u0442\u0440\u043e\u0433\u0438\u0435 \u0431\u0440\u044e\u043a\u0438 ASOS DESIGN (\u0411\u0440\u044e\u043a\u0438)", "action_flag": 2, "change_message": "[{\"changed\": {\"fields\": [\"image\"]}}]"}}, {"model": "admin.logentry", "pk": 18, "fields": {"action_time": "2020-12-28T05:09:52.959Z", "user": 1, "content_type": 7, "object_id": "4", "object_repr": "\u0421\u0438\u043d\u044f\u044f \u043a\u0443\u0440\u0442\u043a\u0430 The North Face (\u041e\u0434\u0435\u0436\u0434\u0430)", "action_flag": 2, "change_message": "[{\"changed\": {\"fields\": [\"image\"]}}]"}}, {"model": "admin.logentry", "pk": 19, "fields": {"action_time": "2020-12-28T05:10:09.849Z", "user": 1, "content_type": 7, "object_id": "3", "object_repr": "\u0427\u0435\u0440\u043d\u044b\u0439 \u0440\u044e\u043a\u0437\u0430\u043a Nike Heritage (\u0410\u043a\u0441\u0435\u0441\u0441\u0443\u0430\u0440\u044b)", "action_flag": 2, "change_message": "[{\"changed\": {\"fields\": [\"image\"]}}]"}}, {"model": "admin.logentry", "pk": 20, "fields": {"action_time": "2020-12-28T05:10:21.292Z", "user": 1, "content_type": 7, "object_id": "2", "object_repr": "\u0425\u0443\u0434\u0438 \u0447\u0435\u0440\u043d\u043e\u0433\u043e \u0446\u0432\u0435\u0442\u0430 \u0441 \u043c\u043e\u043d\u043e\u0433\u0440\u0430\u043c\u043c\u0430\u043c\u0438 adidas Originals (\u041e\u0434\u0435\u0436\u0434\u0430)", "action_flag": 2, "change_message": "[{\"changed\": {\"fields\": [\"image\"]}}]"}}, {"model": "admin.logentry", "pk": 21, "fields": {"action_time": "2020-12-28T05:10:40.246Z", "user": 1, "content_type": 7, "object_id": "1", "object_repr": "\u0427\u0435\u0440\u043d\u044b\u0435 \u0442\u0443\u0444\u043b\u0438 \u043d\u0430 \u043f\u043b\u0430\u0442\u0444\u043e\u0440\u043c\u0435 \u0441 3 \u043f\u0430\u0440\u0430\u043c\u0438 \u043b\u044e\u0432\u0435\u0440\u0441\u043e\u0432 Dr Martens 1461 Bex (\u041e\u0431\u0443\u0432\u044c)", "action_flag": 2, "change_message": "[{\"changed\": {\"fields\": [\"image\"]}}]"}}]